
 **************************************************************
 *      PUBLIC ACCESS MESSAGE (and file transfer) SYSTEMS     *
 *              (P.A.M.S.) last updated 04/11/84              *
 *                                                            *
 *     Compliments of Peoples' Message System, Santee CA.     *
 *                 ( 6 1 9 )  5 6 1 - 7 2 7 7                 *
 *            Compiled and maintained by Bill Blue            *
 *           (with a lot of help from his friends)            *
 *                                                            *
 *             Current filesize is 51,622 bytes.              *
 *                                                            *
 **************************************************************

 -> Listed systems hours of operation:

      *   denotes mostly 24-hour 7-day operation
      +   denotes 8-12 hour DAYTIME operation ONLY
      -   denotes 8-12 hour NIGHTTIME operation ONLY
      we. denotes WEEKEND operation ONLY 

 -> New listings or changes:

      !  denotes a new system, a new number to an existing
         system or new list entry

 -> All systems listed support Bell 103a 300 bits per second

      $  also supports VADIC (3400 series) 1200 Bps.
      &  also supports Bell 212A 1200 Bps.
      %  also supports BAUDOT operation (usually 45.5 Bps.)

 -> System categories:

      #1  denotes original or "home" system of that type
      dd. denotes game oriented messages or game playing
      dl. download/upload capabilities, a program exchange system
      ml. mail/information exchange only
      rb. denotes call, let ring once and call back
      rl. religious orientation
      so. sexually oriented messages

 -> Regular updates of this list may be found on:

      CompuServe MAUG XA4, The Source PUBLIC 112, and most 
      participating independent P M S systems.

 -> Please help keep this list accurate.  Send VERIFIED
    additions, deletions or corrections to me at:

      System or Net           Send to:

      Compuserve              70315,1305
      P.dBMS #1               Bill Blue
      PMS - Santee            sysop
      Telemail                wblue
      The Source              TCB117
      uucp                    ...(ihnp4,sdcsvax)!bang!bblue

IMPORTANT NOTE!  List updates must be sent in the same general 
format as shown here.  ALL relevant info must be included - 
system software type, system name, city, state, area code, 
phone number, hours of operation and category.  If only phone 
numbers have changed, always reference the old phone number.  
Submissions without the necessary AND COMPLETE information 
will NOT be used.


 -> List now begins in alpha-numeric order by type:

 ABBS Akron Digital Group, Akron, OH..........(216) 745 7855*
 ABBS Analog, Port Coquitlam, BC, CN..........(604) 941 0041*
 ABBS Apple Crate I, Seattle, WA..............(206) 872 6789
 ABBS Arkansas City, KS......................!(316) 442 7139*
 ABBS Byte Shop, Ft. Lauderdale, FL...........(305) 486 2983-
 ABBS Byte Shop, Miami, FL....................(305) 261 3639-
 ABBS CODE, Glen Ellyn, IL....................(312) 882 2926*
 ABBS Colortron Computer, Racine, WI..........(414) 637 9990*
 ABBS Compumart, Ottawa, Ontario, CN..........(613) 725 2243
 ABBS Computer Room, Kalamazoo, MI............(616) 382 0101
 ABBS Gamemaster, Chicago, IL.................(312) 475 4884*
 ABBS Image Base, Long Beach, CA..............(213) 597 0064*
 ABBS Iowa City, IA..........................!(319) 338 2750*
 ABBS Ketchikan, AK...........................(907) 225 6789
 ABBS LINX, Lincoln, NE.......................(402) 476 1177*dl.
 ABBS New York, NY............................(516) 473 1005*
 ABBS New York, NY............................(212) 877 7703*
 ABBS Nessy Game System, Itasca, IL...........(312) 773 3308*
 ABBS Omaha, NE...............................(402) 339 7809
 ABBS Pacific Palisades, Los Angeles, CA......(213) 459 6400
 ABBS Peoria, IL..............................(309) 692 6502
 ABBS Phoenix, AZ.............................(602) 898 0891
 ABBS Pirates Cove, Long Island, NY...........(516) 698 4008
 ABBS Pirates Place, Newport Beach, CA.......!(714) 675 3326
 ABBS Rogers Park, Chicago, IL................(312) 973 2227
 ABBS Software Sorcery, Herndon, VA..........&(703) 471 0610*
 ABBS South of Market, San Francisco, CA......(415) 469 8111 so.
 ABBS The Pulse, Dallas, TX...................(214) 631 7747*so.
 ABBS Teledunjon III, Dallas, TX..............(214) 960 7654*dd.
 ABBS Turnersville, NJ........................(609) 228 1149
 ABBS Vancouver, BC, CN.......................(604) 437 7001
 ABBS Vermont, Essex Junction, VT.............(802) 879 4981*
 ABBS WAP, Charlotte, NC......................(704) 373 7966*
 ABBS West Palm Beach, FL.....................(305) 848 3802
 ABBS Wiznet, Cedar Rapids, IA...............!(319) 395 7258*dl.

 ACS Arlington Heights, IL..................#1(312) 392 2403
 ACS Chicago, IL..............................(312) 445 1130

 A-C-C-E-S-S Annapolis, MD....................(301) 267 7666*
 A-C-C-E-S-S Phoenix, AZ.....................&(602) 957 4428*
 A-C-C-E-S-S Call-A-Lawyer, Phoenix, AZ.......(602) 275 6644
 A-C-C-E-S-S Scottsdale, AZ...................(602) 998 9411*

 AE PRO Jolly Roger, Houston, TX..............(713) 468 0l74*

 AMIS APEX, Houston, TX.......................(713) 471 7117*
 AMIS A.F.A.C. BBS, Riverside, CA.............(714) 781 8774*
 AMIS A.R.C.A.D.E. Sterling Heights, MI.......(313) 978 8087*
 AMIS BBS, New Haven, CT.....................!(203) 776 9723* dl.
 AMIS Clarendon Hills, IL.....................(312) 789 3610*
 AMIS GRAFEX Cupertino, CA....................(408) 253 5216
 AMIS G.R.A.S.S. Grand Rapids, MI.............(616) 241 1971*
 AMIS Hart City BBS, Elkhart, IN..............(219) 262 3980*
 AMIS IBBBS San Jose, CA......................(408) 298 6930
 AMIS Jolly Roger BBS, Park Ridge, NJ.........(201) 391 5519
 AMIS M.A.C.E. Detroit, MI................,.#1(313) 589 0996*
 AMIS Manhattan Message Manager, New York, NY.(212) 879 5182
 AMIS T.A.B.B.S. Sunnyvale, CA................(408) 942 6975

 ARMUDIC Computer Age, Baltimore, MD..........(301) 587 2132

 BBS IBM Hostcomm Atlanta, GA.<pw=IBMPC>......(404) 252 4146*
 BBS IBM Hostcomm Fairfax, VA.<pw=IBMPC>......(703) 978 9592*
 BBS IBM Hostcomm Fairfax, VA.<pw=IBMPC>.....!(703) 978 0921*
 BBS IBM Hostcomm Fairfax, VA.................(703) 385 8384*
 BBS IBM Hostcomm Potomac, MD.................(301) 424 5817*
 BBS IBM Hostcomm ProMatch, Houston, TX......!(713) 729 1257-
 BBS IBM Hostcomm Raleigh, NC.<pw=IBMPC>......(919) 847 4625*
 BBS IBM Hostcomm Rockville, MD.<pw=IBMPC>....(301) 949 8848*
 BBS IBM Hostcomm Springfield, VA.............(703) 425 7229*
 BBS IBM Hostcomm Springfield, VA.............(703) 425 6308-
 BBS IBM Hostcomm Houston, TX.<pw=NFSYS>......(713) 890 0310*
 BBS IBM Hostcomm Toronto, Ont., CN.<pw=IBMPC>(416) 499 7023*
 BBS IBM Hostcomm Vienna, VA.<pw=IBMPC>.......(703) 522 4513*
 BBS IBM PC Annandale, VA.<pw=Personalized>...(703) 560 0979*
 BBS IBM PC Atlanta, GA.......................(404) 928 3005
 BBS IBM PC Beltsville, MD.<pw=Personalized>.!(301) 937 4339*
 BBS IBM PC Berkeley, CA.<pw=Guest>...........(415) 845 9462*
 BBS IBM PC Billings, MO.<pw=Personalized>...!(406) 656 9624*
 BBS IBM PC Chicago, IL.<pw=Personalized>...!&(312) 259 8086*
 BBS IBM PC Comp. Res. Ctr., Santa Monica,CA..(213) 829 1487
 BBS IBM PC Comp. Res. Ctr., Santa Monica,CA..(213) 828 1331-
 BBS IBM PC Culver City, CA...................(213) 371 8825*
 BBS IBM PC Culver City, CA..................&(213) 410 0714*
 BBS IBM PC Dale City, VA.<pw=Personalized>..!(703) 680 5220*
 BBS IBM PC Denver, CO.<pw=Personalized>.....!(303) 773 2699*
 BBS IBM PC East Hartford, CT.................(203) 289 6321-
 BBS IBM PC Easton, PA.<pw=Personalized>.....!(215) 250 0173*
 BBS IBM PC Fairfax, VA.<pw=Personalized>....!(703) 591 5120*
 BBS IBM PC Fairfax, VA.<pw=Personalized>....!(703) 425 9452*
 BBS IBM PC Hawkeye-PC, Cedar Rapids, IA....!&(319) 363 3314*
 BBS IBM PC Lawrence, KS.<pw=Customer>.......!(913) 842 5749*
 BBS IBM PC Niles, IL.........................(312) 991 8887*
 BBS IBM PC New York, NY.<pw=IBMPC>..........!(201) 678 6670*
 BBS IBM PC Poughkeepsie, NY..................(914) 297 0665*dd.
 BBS IBM PC San Fernando, CA..................(818) 368 5801*
 BBS IBM PC Santa Monica, CA.<pw=Personalized>(213) 390 3239*
 BBS IBM PC Seattle, WA.......................(206) 367 7949-dd.
 BBS IBM PC Seattle, WA.......................(206) 522 1340*dd.
 BBS IBM PC Seattle, WA.......................(206) 883 4403-dd.
 BBS IBM PC SIG, San Diego, CA................(619) 268 0437*
 BBS IBM PC The Midnight Express, Atlanta,GA.!(404) 294 6879- 
 BBS IBM PC The Software Link, Atlanta, GA....(404) 252 9438*
 BBS IBM PC Tulsa Computer Soc., Tulsa, OK....(918) 446 5219*
 BBS IBM PC Tulsa Info. Exchange, Tulsa, OK...(918) 438 3363*
 BBS IBM PC Vienna, VA........................(703) 560 7803*
 BBS IBM PC Woodbridge, VA....................(703) 590 9613*
 
 BMBBS Avenger's Mansion, New York, NY.......!(212) 534 2858*
 BMBBS The Firehouse, Greenwich, CT..........!(203) 869 7569*
 BMBBS The Garage, Livingston, NJ............!(201) 994 0988*
 BMBBS The Hospital, Livingston, NJ..........!(201) 992 9893we.

 BULLET-80 Boston, MA........................&(617) 266 7789*
 BULLET-80 Chesterland, OH....................(216) 729 2769
 BULLET-80 Danbury, CT......................#1(203) 744 4644
 BULLET-80 El Paso, TX........................(915) 565 9903*
 BULLET-80 Fayetteville, GA...................(404) 461 9686
 BULLET-80 Garden Grove, CA..................!(714) 530 4765
 BULLET-80 Hattiesburg, MS....................(601) 264 2361*
 BULLET-80 Newport Beach, CA................&!(714) 650 6699
 BULLET-80 Orange County, Anaheim, CA........&(714) 952 2110*
 BULLET-80 Seymour, CT........................(203) 888 7952
 BULLET-80 Springfield, IL....................(217) 529 1113
 BULLET-80 Waterford, MI......................(313) 628 4350*
 BULLET-80 Pirate Place, Newport Beach, CA....(714) 644 7942

 CBBS AMRAD, Washington, DC...................(703) 734 1387*
 CBBS Boston, MA..............................(617) 646 3610*
 CBBS Cedar Rapids, IA........................(319) 364 0811*
 CBBS Chicago, IL...........................#1(312) 545 8086*
 CBBS Dr. Data, Norfolk, MA................$&!(617) 528 9009*
 CBBS Heath Store, Honolulu, HI..............&(808) 487 8755
 CBBS Lambda, Berkeley, CA....................(415) 658 2919 so.
 CBBS Lawrence General Hospital, Boston, MA...(617) 683 2119
 CBBS LICA LIMBS, Long Island, NY.............(516) 561 6590*
 CBBS London, England..(European standard)..(044) 1 399 2136
 CBBS Long Island, NY.........................(516) 334 3134*
 CBBS MAUDE Milwaukee, WI...................$&(414) 241 8364*
 CBBS MAUDE Milwaukee, WI.............Also: $&(312) 876 0974*
 CBBS NW, Portland, OR........................(503) 646 5510*
 CBBS PACC, Pittsburgh, PA....................(412) 822 7176*
 CBBS Prince George, B.C., CN.................(604) 562 9515
 CBBS Proxima, Berkeley, CA...................(415) 357 1130
 CBBS RAMS, Rochester, NY.....................(716) 244 9531
 CBBS Rosemont, MN............................(612) 423 5016
 CBBS SabaHomline, San Diego, CA...........$&.(619) 692 1961*
 CBBS St. Petersburg, FL......................(813) 866 9945* 
 CBBS Strictly Software, Honolulu, HI.........(808) 944 0562
 CBBS TSG, Tucson, AZ.........................(602) 574 0327*
 CBBS Willodale, Ontario, CN...............$&!(416) 226 9260*

 COMNET-80 Akron, OH.........................&(216) 645 0827*
 COMNET-80 Las Vegas, NV.....................&(702) 870 9986
 COMNET-80 Mt. Clemens, MI...................&(313) 465 9531
 COMNET-80 North Wales, PA....................(215) 855 3809 so.
 COMNET-80 Riverside, CA.....................&(714) 359 3189
 COMNET-80 Riverside, CA.....................&(714) 877 2253
 COMNET-80 Wichita Falls, TX..................(817) 767 5847

 CONNECTION-80 Centereach, NY.................(516) 588 5836
 CONNECTION-80 Fremont, CA....................(415) 651 4147*
 CONNECTION-80 JACS, Jacksonville, FL.........(904) 353 5227*
 CONNECTION-80 Lansing, MI....................(517) 339 3367
 CONNECTION-80 Laval BELE, Laval, Quebec, CN..(514) 622 1274*
 CONNECTION-80 Long Island, NY...............!(516) 567 8267*
 CONNECTION-80 Manhattan, NY..................(212) 991 1664
 CONNECTION-80 Orlando, FL....................(305) 644 8327*
 CONNECTION-80 Peterborough, NH...............(603) 924 7920
 CONNECTION-80 Waco, TX.......................(817) 754 1568
 CONNECTION-80 Woodhaven, NY..................(212) 441 3755*

 CONFERENCE-TREE Santa Cruz, CA...............(408) 475 7101
 CONFERENCE-TREE Computerland, Honolulu, HI...(808) 487 2001*
 CONFERENCE-TREE Cookville, TN................(615) 528 5039*
 CONFERENCE-TREE Flagship, Rockaway, NJ.......(201) 627 5151*
 CONFERENCE-TREE Hayward, CA..................(415) 538 3580
 CONFERENCE-TREE Kelp Bed, Los Angeles, CA....(213) 372 4800
 CONFERENCE-TREE Minneapolis, MN..............(612) 854 9691
 CONFERENCE-TREE Palo Alto, CA................(415) 948 1474
 CONFERENCE-TREE Phoenix, AZ..................(602) 931 1829*
 CONFERENCE-TREE San Francisco, CA..........#1(415) 861 6489
 CONFERENCE-TREE Santa Monica, CA.............(213) 394 1505
 CONFERENCE-TREE Sausalito, CA................(415) 332 8115
 CONFERENCE-TREE Tacoma, WA...................(206) 759 0615*

 DIAL-YOUR-MATCH #1 Burbank, CA...............(818) 842 3322 so.
 DIAL-YOUR-MATCH #4 Van Nuys, CA..............(818) 783 2305 so.
 DIAL-YOUR-MATCH #8 San Francisco, CA.........(415) 467 2588 so.
 DIAL-YOUR-MATCH #11 Carlsbad, CA.............(619) 434 4600*so.
 DIAL-YOUR-MATCH #12 Houston, TX..............(713) 556 1531*so.
 DIAL-YOUR-MATCH #16 Vancouver, BC, CN........(206) 256 6624 so.
 DIAL-YOUR-MATCH #17 San Francisco, CA........(415) 991 4911 so.
 DIAL-YOUR-MATCH #18 Lynnfield, MA............(617) 334 6369 so.
 DIAL-YOUR-MATCH #20 Apex, NC.................(919) 362 0676 so.
 DIAL-YOUR-MATCH #22 Van Nuys, CA.............(213) 990 6830 so.
 DIAL-YOUR-MATCH #37 Flint, MI................(313) 736 1398 so.
 DIAL-YOUR-MATCH #38 Austin, TX...............(512) 451 8747 so.
 DIAL-YOUR-MATCH #39 Chicago, IL..............(312) 243 1046 so.
 DIAL-YOUR-MATCH #40 Dallas, TX...............(214) 987 3547 so.
 DIAL-YOUR-MATCH #77 Houston, TX..............(713) 981 4062 so.

 FORUM-80 Augusta, GA.........................(803) 279 5392
 FORUM-80 Cleveland, OH.....................&.(216) 943 2388
 FORUM-80 El Paso, TX.........................(915) 755 1000*
 FORUM-80 Ft. Lauderdale, FL..................(305) 772 4444*
 FORUM-80 Hull, England..................(011) 44 482 859169
 FORUM-80 Kansas City, MO....................&(816) 931 9316
 FORUM-80 Las Vegas, NV.......................(702) 362 3609*
 FORUM-80 Linden, NJ..........................(201) 486 2956*
 FORUM-80 Medford, OR.........................(503) 535 6883*
 FORUM-80 Medical, Memphis, TN................(901) 276 8196*
 FORUM-80 Monmouth, Brielle, NJ...............(201) 974 1196*
 FORUM-80 Montgomery, AL......................(205) 272 5069
 FORUM-80 Dale City, VA.......................(703) 670 5881*
 FORUM-80 San Mateo, CA......................&(415) 348 2139 
 FORUM-80 Seattle, WA.........................(206) 723 3282
 FORUM-80 Westford, MA........................(617) 692 3973
 FORUM-80 Wichita, KS........................&(316) 682 2113*
 
 GABBS Armadillo Media, Houston, TX...........(713) 444 7098*
 GABBS Food for Thought, Omaha, NE............(402) 551 4618*
 GABBS San Diego, CA..........................(619) 578 3743*
 GABBS The Great Apple, Houston, TX.........#1(713) 455 9502*
 GABBS Vox Populi, Houston, TX................(713) 772 6096*

 GREENE MACHINE Golden State BBS, Novato, CA..(415) 897 2783 
 GREENE MACHINE Riverside, CA.................(714) 354 8004
 GREENE MACHINE Chicago, IL...................(312) 622 4442 so.
 GREENE MACHINE Santa Ana, CA................!(714) 836 5627
 GREENE MACHINE Sunnymead, CA.................(714) 924 2229*
 GREENE MACHINE Yuma, AZ.....................&(602) 726 7533*

 HBBS Heath/Zenith, Grand Rapids, MI.........&(616) 538 1041
 HBBS MOG-UR, Granada Hills, CA..............&(818) 366 1238*

 MCMS C.A.M.S. Chicago, IL.................#1&(312) 927 1020*
 MCMS Goliath, Minneapolis, MN................(612) 753 3082
 MCMS J.A.M.S. Lockport, IL...................(815) 838 1020*
 MCMS P.C.M.S. Wheaton, IL...................&(312) 462 7560*
 MCMS WACO Hot Line, Schaumburg, IL..<pvt>....(312) 351 4374*
 MCMS Word Exchange, Springfield, IL..........(217) 753 4309*

 MODEM MEDIUM Apple-Net, Chicago, IL.........!(312) 685 9573*
 MODEM MEDIUM Flynn's Game Sys., Rockford, IL!(815) 455 2406*
 MODEM MEDIUM Khasablanca, Chicago, IL.......!(312) 971 1736
 MODEM MEDIUM Marvin, Chicago, IL............!(312) 674 9246*
 MODEM MEDIUM Chicago, IL.................#1&!(312) 348 0097*
 MODEM MEDIUM No. Shore Line, Chicago, IL....!(312) 948 5728*
 MODEM MEDIUM The Unknown BBS, Chicago, IL...!(312) 972 1974*

 NET-WORKS ABC, Kansas City, MO...............(816) 483 2526
 NET-WORKS ACE-NET, Leesville, LA............!(318) 537 0276
 NET-WORKS Adventure's Inn, Lake Forest, IL...(312) 295 7284*
 NET-WORKS AGS, Augusta, GA...................(404) 733 3461*
 NET-WORKS Alamo City, TX.....................(512) 442 1116
 NET-WORKS Apple Astronomy, Houston, TX.......(713) 526 5671*
 NET-WORKS Apple Gumbo, Shreveport, LA........(318) 861 1012*
 NET-WORKS Apple Net, Chicago, IL.............(312) 963 5384
 NET-WORKS Apple-Technical, Chicago, IL.......(312) 935 3091
 NET-WORKS Armadillo, Grand Forks, ND.........(701) 746 4959
 NET-WORKS Assembly Line, Louisville, KY......(502) 459 5531-
 NET-WORKS Baud-ville, Louisville, KY.........(502) 423 0695- 
 NET-WORKS BBS, Arcata, CA...................!(707) 725 9202-
 NET-WORKS Big Apple, Miami, FL...............(305) 948 8000
 NET-WORKS Briar-Net, Houston, TX.............(713) 782 5706*
 NET-WORKS Brooklyn, NY.......................(212) 410 0949
 NET-WORKS C.A.M.S., Decatur, IL..............(217) 875 7114-
 NET-WORKS Charleston, WV.....................(304) 345 6502*
 NET-WORKS Chipmunk, Hinsdale, IL.............(312) 323 3741*
 NET-WORKS Coin Games, Los Angeles, CA........(818) 336 5535
 NET-WORKS Computer Market, Honolulu, HI......(808) 524 6668-
 NET-WORKS Computer World, Los Angeles, CA....(213) 859 0894*
 NET-WORKS Crystal Dimension, Houston, TX.....(713) 497 2175
 NET-WORKS Daily Net, Houston, TX.............(713) 493 6118*
 NET-WORKS DATA-LINE, Minetto, NY............!(315) 598 3994*
 NET-WORKS DOC Board, Houston, TX.............(713) 471 4131*
 NET-WORKS Eclectic Computer Sys., Dallas, TX.(214) 239 5842
 NET-WORKS Fantasy Voyage, Houston, TX........(713) 333 1845-
 NET-WORKS Forth Dimension, St. Louis, MO.....(314) 532 4652
 NET-WORKS Great White North, St. Louis, MO...(314) 849 3171
 NET-WORKS Hawaii Connection, Honolulu, HI....(808) 456 8689*
 NET-WORKS Health BBS, Ames, IA...............(515) 233 5254*
 NET-WORKS Honolulu, HI.......................(808) 524 6652
 NET-WORKS Livingston, NJ.....................(201) 994 9620*
 NET-WORKS MAGIE, Galesburg, IL...............(309) 343 3799*
 NET-WORKS MAGIE, Galesburg, IL.........Also: (309) 563 9543*
 NET-WORKS Magnetic Fantasies, Los Angeles,CA.(213) 388 5198
 NET-WORKS Memory Lane, Honolulu, HI..........(808) 526 0719*
 NET-WORKS MicroBBS, Chelmsford, MA...........(617) 889 4330
 NET-WORKS Mines of Moria, Houston, TX........(713) 871 8577*
 NET-WORKS N A G S, Alton, IL.................(618) 466 9497
 NET-WORKS Pacific, Oxnard, CA...............!(805) 985 2591-
 NET-WORKS Pearl City Network, Honolulu, HI...(808) 456 3745*
 NET-WORKS Pirate's Board, Buena Park, CA....!(714) 523 5165
 NET-WORKS Pirate's Harbor, Boston, MA........(617) 720 3600
 NET-WORKS Pirate's Lodge, New City, NY.......(914) 634 1268
 NET-WORKS Portsmouth, NH.....................(603) 436 3461
 NET-WORKS RJNET, Warnville, IL...............(312) 393 4755
 NET-WORKS Softworx, West Los Angeles, CA.....(213) 473 2754
 NET-WORKS Space Voyage, Houston, TX..........(713) 568 6595-
 NET-WORKS The Dark Realm, Houston, TX........(713) 333 2309*   
 NET-WORKS The Digital Dimension, Houston,TX..(713) 497 4633-so.
 NET-WORKS The Dragon's Lair NW, San Jose, CA.(408) 996 7464
 NET-WORKS The Incubus, Orange, CA...........!(714) 998 2049
 NET-WORKS The Inner Realm, Houston, TX.......(713) 583 2002*
 NET-WORKS The Shadow World, Houston, TX......(713) 777 8608*
 NET-WORKS The System, Houston, TX............(713) 785 7996-
 NET-WORKS The Weekender, Houston, TX.........(713) 492 8700*
 NET-WORKS Toronto, Ontario, CN...............(416) 445 6696*
 NET-WORKS Warlock's Castle St. Louis, MO.....(618) 345 6638
 NET-WORKS Zachary*Net, Houston, TX...........(713) 933 7353*

 ONLINE Dickinsons Movie Guide, Mission, KS...(913) 432 5544*

 P.dBMS #1 - Lakeside, CA...................$&(619) 561 7271*ml.
 P.dBMS #2 - Denver, CO.....................$&(303) 755 5380*ml.

 PET BBS Commodore, Largo, FL.................(813) 391 5219+ 
 PET BBS Commodore, Chicago, IL...............(312) 397 0871*
 PET BBS S.E.W.P.U.G., Racine, WI.............(414) 554 9520*
 PET BBS SE Wyoming PUG, Cheyenne, WY.........(307) 637 6045*
 PET BBS PSI WordPro, Ontario, CN...........#1(416) 624 5431*
 PET BBS TPUG, Toronto, Ontario, CN...........(416) 223 2625*

 PMS - **IF**, Anaheim, CA....................(714) 772 8868*
 PMS - Anchorage, AK..........................(907) 344 8558
 PMS - Apple Bits UG, Kansas City, MO........!(816) 523 0304
 PMS - Century 23, Las Vegas, NV..............(702) 878 9106*
 PMS - Chicago, IL............................(312) 373 8057*
 PMS - Chicago Public Library, Chicago, IL....(312) 235 3200-
 PMS - Datel Systems Inc., San Diego, CA......(619) 271 8613*
 PMS - Downers Grove/SRT, Downers Grove, IL...(312) 960 2308
 PMS - Ed Tech, San Diego, CA.................(619) 265 3428
 PMS - Ellicott City, MD......................(301) 465 3176-
 PMS - Escondido, CA..........................(619) 746 0667-
 PMS - Floppy House, San Diego, CA............(619) 579 7036*
 PMS - Ft. Smith Comp. Club, Ft. Smith, AR....(501) 646 0197-
 PMS - Indianapolis, IN.......................(317) 787 5486*
 PMS - Kid's Message System, San Diego, CA....(619) 578 2646*
 PMS - Logic Inc., Toronto, Ontario, CN.......(416) 445 5192* 
 PMS - Los Angeles, CA........................(818) 331 3574*
 PMS - Massillon, OH..........................(216) 832 8392*
 PMS - McGraw-Hill Books, New York, NY........(212) 997 2488
 PMS - Minneapolis, MN........................(612) 929 6699*
 PMS - I.A.C., Lake Forest, IL................(312) 295 6926*
 PMS - Pikesville, MD.........................(301) 653 3413
 PMS - Pleasanton, CA.........................(415) 462 7419*
 PMS - Portland, OR...........................(503) 245 2536*
 PMS - Portola Valley, CA.....................(415) 851 3453*
 PMS - RAUG, Akron, OH........................(216) 867 7463*
 PMS - Rutgers Univ. Microlab, Piscataway, NJ.(201) 932 3887
 PMS - San Marcos, CA.........................(619) 727 7500*
 PMS - Santee, CA...........................#1(619) 561 7277*ml.
 PMS - Software Unltd, Kenmore, WA............(206) 486 2368* 
 PMS - SEB Computer, Jacksonville, FL.........(904) 743 7050-
 PMS - Teen-Line, Del Mar, CA.................(619) 755 5006*
 PMS - Twin Cities, Minneapolis, MN...........(612) 929 8966

 PSBBS Washington, DC.........................(202) 337 4694*

 RATS Wenonah, NJ.............................(609) 468 5293
 RATS Wenonah #2, NJ..........................(609) 853 8268

 RBBS IBM PC Allentown, PA....................(215) 439 5696*
 RBBS IBM PC Amarillo, TX.....................(806) 353 7484-
 RBBS IBM PC Anaheim, CA.....................!(714) 995 2428*
 RBBS IBM PC Annapolis, MD....................(301) 267 4930-
 RBBS IBM PC Atlanta, GA.<pw=Personalized>....(404) 926 8411-
 RBBS IBM PC Bethesda, MD.....................(301) 460 0538*
 RBBS IBM PC Beyond War, Los Angeles, CA....!&(213) 472 7339*
 RBBS IBM PC Buffalo, NY......................(716) 836 6964-
 RBBS IBM PC Charlotte, NC.<pw=Guest>.........(704) 365 4311*
 RBBS IBM PC Chicago, IL.<pw=Personalized>....(312) 376 7598*
 RBBS IBM PC Chicago, IL......................(312) 396 1022-
 RBBS IBM PC Computer Society, Boston, MA.....(617) 353 9312-
 RBBS IBM PCmodem Chicago, IL................&(312) 882 4227*dl.
 RBBS IBM PC Cincinnati, OH...................(513) 874 9609*
 RBBS IBM PC Dallas, TX.......................(214) 223 0983*
 RBBS IBM PC Enid, OK.........................(405) 237 0558*
 RBBS IBM PC Fargo, ND........................(701) 293 5973*
 RBBS IBM PC Fort Collins, CO.................(303) 223 8342-
 RBBS IBM PC Fort Mill, SC....................(803) 548 0900*
 RBBS IBM PC Frederick, MD....................(301) 371 6271*
 RBBS IBM PC Gaithersburg, MD.<pw=IBMPC>......(301) 251 6293*
 RBBS IBM PC Gaithersburg, MD.................(301) 948 9143*
 RBBS IBM PC Great Falls, VA.................&(703) 759 5049*
 RBBS IBM PC Hawthorne, CA...................!(213) 973 2374*
 RBBS IBM PC Hopewell Junction, NY............(914) 221 0774*
 RBBS IBM PC Huntington Beach, CA...........&!(714) 842 6348
 RBBS IBM PC KERNCOM, Bakersfield, CA.......&!(805) 833 0359*dl.
 RBBS IBM PC Lawrence, KS.....................(913) 841 6424*
 RBBS IBM PC Long Island, NY..................(516) 944 6712*
 RBBS IBM PC Los Angeles, CA..................(213) 739 6362-
 RBBS IBM PC Madison, WI.<pw=Personalized>...&(608) 262 4939*
 RBBS IBM PC Newport Beach, CA..............!&(714) 673 4040
 RBBS IBM PC Pittsburgh, PA...................(412) 963 0248*
 RBBS IBM PC Place, Houston, TX...............(713) 488 7179*
 RBBS IBM PC New Caanan, CT...................(203) 966 8869*
 RBBS IBM PC Capital, Orange, CA.............!(714) 771 1451
 RBBS IBM PC Old Jack, Springfield, IL.......!(217) 546 8231*
 RBBS IBM PC Orlando, FL....................$&(305) 830 4340*
 RBBS IBM PC Rochester, MN....................(507) 281 0979*
 RBBS IBM PC Safehouse, Minneapolis, MN.......(612) 724 7066*dl.
 RBBS IBM PC San Diego, CA..................$!(619) 283 1538*dl. 
 RBBS IBM PC San Francisco, CA................(415) 861 5733*
 RBBS IBM PC San Lorenzo, CA..................(415) 481 0252*
 RBBS IBM PC South Bend, IN...................(219) 255 8803*
 RBBS IBM PC Statesville, NC..................(704) 873 5140*rb.
 RBBS IBM PC Technical, Westminster, CA......!(714) 898 8634*
 RBBS IBM PC Temecula, CA.....................(714) 676 3378*
 RBBS IBM PC Tucson, AZ.......................(602) 742 5187-
 RBBS IBM PC Tulsa, OK........................(918) 749 0718*
 RBBS IBM PC Walnut Creek, CA.................(415) 937 0156*

 RCP/M Acropolis BBS, Warner Robins, GA......!(912) 929 8728*
 RCP/M Anchorage, AK.........................!(907) 349 7996*
 RCP/M Anchorage, AK..........................(907) 337 1984-
 RCP/M Arlington, VA..........................(703) 536 3769-
 RCP/M Astronomy, Titusville, FL.............&(305) 268 8576* 
 RCP/M Atlas Micro Assoc., San Jose, CA......!(408) 379 8086-
 RCP/M Barstow, CA...........................$(619) 256 3914*
 RCP/M Beaverton, OR..........................(503) 642 7028*
 RCP/M Blue Ridge, Missouri City, TX..........(713) 438 2247*
 RCP/M Bossier City, LA......................!(318) 742 1772*
 RCP/M Boulder, CO............................(303) 499 9169-
 RCP/M Bridgeport, IL.........................(312) 326 4392*
 RCP/M CBBS ANAHUG, Anaheim, CA..............&(714) 774 7860*
 RCP/M CBBS CASAT, Chicago, IL...............!(312) 443 3744*
 RCP/M CBBS Columbus, OH......................(614) 272 2227*
 RCP/M CBBS Dallas, TX.......................&(214) 931 8274-
 RCP/M CBBS Frog Hollow, Vancouver, BC, CN....(604) 937 0906*
 RCP/M CBBS Merced HUG, Merced, CA...........!(209) 383 6417-
 RCP/M CBBS MICOM, Melbourne, VIC, Australia...61 3 762 5088*
 RCP/M CBBS MINICBBS/SAG, Detroit, MI........!(313) 535 9186*
 RCP/M CBBS N.O.C. Comp. Club, Orange, CA...!&(714) 961 1135
 RCP/M CBBS Pasadena, CA......................(213) 799 1632*
 RCP/M CBBS Sacramento, CA...................!(916) 483 8718*
 RCP/M CBBS Technical, Detroit, MI............(313) 846 6127*
 RCP/M CCPB, West Palm Beach, FL.............!(305) 967 0344-
 RCP/M CP/M-Net, Piscataway, NJ..............!(201) 249 0691* 
 RCP/M CrosNest II, San Mateo, CA............!(415) 341 9336*
 RCP/M CUG-NOTE, Denver, CO...................(303) 781 4937*
 RCP/M CUG-NODE, PA State College, PA.........(814) 238 4857*
 RCP/M CURA, Brooklyn, NY...................&!(212) 625 5931*
 RCP/M DBASE ][, Campbell, CA.................(408) 378 8733*
 RCP/M Edmonton, Alberta, CN................$&(403) 454 6093* 
 RCP/M EI Division, Argonne, IL...............(312) 972 6979
 RCP/M El Segundo, CA........................!(213) 640 2545*
 RCP/M Facility of Dolgeville, NY...........&!(315) 429 8185*
 RCP/M FLanders, NJ..........................&(201) 584 9227*
 RCP/M Ft. Fone File Folder, Ft. Atkinson,WI.!(414) 563 9932*
 RCP/M Ft. Worth-Metroplex KUG, Arlington,TX.!(817) 467 5110-
 RCP/M Glen Ellyn, Chicago, IL................(312) 469 2597*
 RCP/M Granada Hills, CA......................(213) 360 5053*
 RCP/M Grand Travers, MI.....................!(616) 947 1246*
 RCP/M Ham Radio, Morton Grove, IL............(312) 967 0052
 RCP/M Hackers BBS, Melbourne, FL............&(305) 676 3573*
 RCP/M Logan Square, Chicago, IL..............(312) 252 2136*
 RCP/M Los Angeles, CA........................(213) 296 5927*
 RCP/M MAKUE, Mt. Airy, MD...................!(301) 865 5025*
 RCP/M MBBS, Hollwood, CA..................#1!(213) 653 6398*
 RCP/M MBEB, Miami, FL.......................!(305) 854 7274*
 RCP/M MCBBS Keith Petersen, Royal Oak, MI....(313) 759 6569* 
 RCP/M MEIE, Gaithersburg, MD................!(301) 948 5718*
 RCP/M Mesilla Valley, Las Cruces, NM........!(505) 522 8856*
 RCP/M Mid-Suffolk, Long Island, NY...........(516) 751 5639-
 RCP/M Mission, KA...........................&(913) 362 9583*
 RCP/M Mississauga HUG, Toronto, Ont., CN...$&(416) 232 2644*
 RCP/M Montreal, Quebec, CN..................!(514) 481 6329-
 RCP/M MV-HUG, Mission Viejo, CA..............(714) 495 9384-
 RCP/M MYBBS CHANL-3, Milwaukee, WI..........!(414) 353 1667*
 RCP/M Nashua, NH...........................&!(603) 888 4488*
 RCP/M NEI, Chicago, IL......................&(312) 949 6189-
 RCP/M North Chicago, Chicago, IL.............(312) 937 5639
 RCP/M Olympia, WA............................(206) 357 7400*
 RCP/M Ontario, CN...........................!(416) 232 0442*
 RCP/M Toronto, Ontario, CN............Also: !(416) 232 0269*
 RCP/M Toronto, Ontario, CN............Also: !(416) 231 1262*
 RCP/M Toronto, Ontario, CN............Also: !(416) 231 0538*
 RCP/M Oracle 001, Sunnyvale, CA.............!(408) 732 9190+
 RCP/M Oracle 002, W. Palm Beach, FL.........!(305) 439 5754*
 RCP/M Oracle 003, BAYLIST, Sunnyvale, CA....!(408) 730 8733-
 RCP/M OsBoard, Toronto, CN..................!(416) 484 9663
 RCP/M Oxgate College Station, TX.............(409) 845 0509*
 RCP/M Oxgate 001, Monte Serono, CA.........$&(408) 354 5934*
 RCP/M Oxgate 002, San Jose, CA...............(408) 263 2588
 RCP/M Oxgate 005, Fresno, CA................!(209) 383 3511-
 RCP/M Oxgate 007, Grafton, VA................(804) 898 7493*
 RCP/M Oxgate 012, San Jose, Ca..............!(408) 378 7474*
 RCP/M Palantine, Chicago, IL................!(312) 359 8080*
 RCP/M Palo Alto, CA.........................!(415) 949 2563+
 RCP/M PatVac, Venice, CA...................&!(213) 306 1172*
 RCP/M Physicians Responsive, Winchester, KY.!(615) 967 6889*
 RCP/M Prairie View, Chicago, IL.............!(312) 537 7888-
 RCP/M Programmers Anonymous, Gorham, ME.....&(207) 839 2337*
 RCP/M Providence, Providence, RI.............(401) 751 5025 we.
 RCP/M RBBS AIMS, Hinsdale, IL................(312) 789 0499*
 RCP/M RBBS Allentown, PA.....................(215) 398 3937*
 RCP/M RBBS AlphaNet, Lawrence, KA............(913) 843 4259-
 RCP/M RBBS Arvada Elect.,Colorado Spngs, CO..(303) 598 4662*
 RCP/M RBBS Atlanta, GA......................!(404) 627 7127*
 RCP/M RBBS Baton Rouge, LA...................(504) 273 3116*
 RCP/M RBBS BHEC, Baltimore, MD...............(301) 661 2175*
 RCP/M RBBS BHUG, Baltimore, MD..............!(301) 768 1499*
 RCP/M RBBS Bloomington, IN..................!(334) 334 0609*
 RCP/M RBBS Cambridge, MD....................!(301) 228 4621*
 RCP/M RBBS Cincinnati, OH....................(513) 489 0149-
 RCP/M RBBS CNY Technical, Syracuse, NY.....&!(315) 437 4890-
 RCP/M RBBS Copperas Cove, TX................!(817) 547 8890*
 RCP/M RBBS Computron, Edmonton, Alberta, CN..(403) 482 6854*
 RCP/M RBBS Cranford, NJ......................(201) 272 1874* 
 RCP/M RBBS Critical Mass, Gualala, CA.......!(707) 884 4221*
 RCP/M RBBS DataTech 001, San Carlos, CA..#1$&(415) 595 0541*
 RCP/M RBBS DataTech 007, San Jose, CA........(408) 238 9621*
 RCP/M RBBS Dayton, OH.......................!(513) 256 7227*
 RCP/M RBBS EPSON, Braintree, MA.<pw=Epson>...(617) 848 8281
 RCP/M RBBS EPSON, Bristol, PA.<pw=Epson>.....(215) 788 5614
 RCP/M RBBS EPSON, Dallas, TX.<pw=Epsonstc)...(214) 659 0387
 RCP/M RBBS EPSON, Placentia, CA.<pw=Amber>..!(714) 630 7104*
 RCP/M RBBS EPSON, San Francisco, CA.<Epson>..(415) 589 5062
 RCP/M RBBS EPSON, Torrance, CA.<pw=Toledo>...(213) 618 8674
 RCP/M RBBS Fairfield, CA.....................(707) 422 7256*
 RCP/M RBBS Ft. Leavenworth, KS..............!(913) 682 3328*
 RCP/M RBBS GFRN Dta Exch. Garden Grove, CA.$&(714) 534 1547*
 RCP/M RBBS GFRN Dta Exch. Palos Verdes, CA.$&(213) 541 2503*
 RCP/M RBBS Gil Berry, Simi Valley, CA.......!(805) 527 8668*
 RCP/M RBBS Glendale, CA.....................!(818) 659 6164*
 RCP/M RBBS Glendale, CA.....................!(818) 957 5195-
 RCP/M RBBS Helena Valley, Helena, MT.........(406) 443 2768+
 RCP/M RBBS Honolulu, HI.....................!(808) 422 8406*
 RCP/M RBBS HUG, St. Louis, MO...............!(314) 291 1854*
 RCP/M RBBS JUG, Jacksonville, FL............$(904) 725 4995*
 RCP/M RBBS Kauai, Lihue, HI.................!(808) 245 2080*
 RCP/M RBBS KUG of Central NY, Syracuse, NY.&!(315) 468 2887*
 RCP/M RBBS KUGNJI, Atlantic Highlands, NJ...!(201) 291 8319*
 RCP/M RBBS La Canada, CA....................!(818) 790 1871*
 RCP/M RBBS Lakewood, Denver, CO..............(303) 985 1108*
 RCP/M RBBS Laurel, MD........................(301) 953 3753*
 RCP/M RBBS Liberty Lake, WA.................!(509) 255 6324*
 RCP/M RBBS LOBO MAX-80, Goleta, CA..........!(805) 964 6626*
 RCP/M RBBS Marin County, CA..................(415) 383 0473-
 RCP/M RBBS MHUG, Milwaukee, WI..............!(414) 873 7564*
 RCP/M RBBS NACS/UAH, Huntsville, AL..........(205) 895 6749*rb.
 RCP/M RBBS Napa Valley, CA...................(707) 257 6502*
 RCP/M RBBS Ocean, NJ........................&(201) 775 8705
 RCP/M RBBS OPTEC, Lowell, MI................!(616) 897 8628*
 RCP/M RBBS Orlando, FL.....................$&(305) 671 2330*
 RCP/M RBBS OvatioNet, Lexington, KY..........(606) 273 8634-
 RCP/M RBBS Pasadena, CA.....................$(818) 577 9947*
 RCP/M RBBS Paul Bogdanovich, NJ..............(201) 747 7301
 RCP/M RBBS Pegasus, Houston, TX..............(713) 999 1205*
 RCP/M RBBS Pickerington, OH..................(614) 837 3269
 RCP/M RBBS Piconet, Mt. View, CA.............(415) 965 4097
 RCP/M RBBS Piconet #4 WK, San Jose, CA......!(408) 281 7059*
 RCP/M RBBS Pikesville, MD...................!(301) 484 2831*
 RCP/M RBBS Pinecliffe, CO...................!(303) 499 3034*
 RCP/M RBBS Rochester, NY..................$&!(716) 323 1214*
 RCP/M RBBS Roy, UT..........................!(801) 776 5024*
 RCP/M RBBS Rutgers, New Brunswick, NJ........(201) 932 3879*
 RCP/M RBBS San Diego, CA...................$&(619) 273 4354*
 RCP/M RBBS San Dimas,CA.....................!(714) 599 1547+
 RCP/M RBBS Santa Clara, CA..................!(408) 247 2853+
 RCP/M RBBS Schooner Cove, Detroit, MI.......!(313) 483 0070*
 RCP/M RBBS SDCS HEC#04, La Mesa, CA..........(619) 461 5117*
 RCP/M RBBS SDCS San Diego, CA................(619) 236 0742* 
 RCP/M RBBS SENECA, El Paso, TX..............&(915) 598 1668*
 RCP/M RBBS Southfield, MI....................(313) 559 5326*
 RCP/M RBBS Tampa, FL.........................(813) 831 7276
 RCP/M RBBS Twin Cities, Minneapolis, MN.....!(612) 333 5947*
 RCP/M RBBS Wichita, KS......................!(316) 682 9093 we.
 RCP/M RBBS Woodstock, NY....................&(914) 679 8734*
 RCP/M RBBS Xerox East, Hartford, CT........&!(203) 232 3180*
 RCP/M RBBS Xerox Midwest, Chicago, IL.......!(312) 384 0013+
 RCP/M RBBS Xerox Corp., Yelm, Olympia, WA....(206) 458 3086-rb.
 RCP/M Redstick, Baton Rouge, LA.............!(504) 275 7846*
 RCP/M Reno, NV..............................!(702) 826 2337*
 RCP/M Rich & Famous, San Francisco, CA.......(415) 552 9968*
 RCP/M Rio Lobo, Kingwood, TX................!(713) 356 7104*
 RCP/M Satsuma, Houston, TX.................&.(713) 469 8893*
 RCP/M SIMIAPPLE, Simi Valley, CA............!(805) 584 6054-
 RCP/M Simi Valley, CA........................(805) 527 2219-
 RCP/M SJBBS Bearsville, NY...................(914) 679 6559*rb.
 RCP/M SJBBS Johnson City, NY.................(607) 797 6416-
 RCP/M Skyhouse Systems, Santa Clara, Ca.....!(408) 296 5078*
 RCP/M Software Tools, Sydney, Australia......61 02 997 1018*
 RCP/M Stadium, Edmonton, Alberta, CN........!(403) 479 3450*
 RCP/M St. Mary's College, St. Mary, MD......!(301) 863 7165*
 RCP/M Superbrain, Lexington, MA............$&(617) 862 0781*
 RCP/M System One, Toronto, Ontario, CN......&(416) 231 9538*
 RCP/M System Two, Toronto, Ontario, CN......&(416) 231 1262*
 RCP/M Tampa Bay Bandit Board, Tampa, FL.....!(813) 937 3608*
 RCP/M Tampa Technical, Tampa, FL............!(813) 254 4637* 
 RCP/M Technical, Thousand Oaks, CA........#1&(805) 492 5472*
 RCP/M Technical #2, Thousand Oaks, CA.......!(805) 493 1495*
 RCP/M The Flying Circus, Great Falls, VA....!(703) 759 6627*
 RCP/M W. Carrolton, Dayton, OH...............(513) 435 5201*
 RCP/M Xanadu, CA............................!(818) 906 1636* 

 Remote Northstar NASA, Greenbelt, MD.........(301) 344 9156
 Remote Northstar, Santa Barbara, CA..........(805) 964 4115
 Remote Northstar, Virginia Beach, VA.........(804) 340 5246

 SOBBS Poor Man's BBS, Houston, TX............(713) 453 7931*
 SOBBS R.A.M.S., Houston, TX..................(713) 859 4409*
 SOBBS Test Mode, Houston, TX.................(713) 660 9252

 ST80-PBB Monroe Camera Shop, Monroe, NY......(914) 782 7605-

 TCBBS Astrocom, New York, NY...............#1(212) 799 4649*
 
 T-NET Central Processing Unit, Plymouth, MI..(313) 547 7903*
 T-NET Delta Connection, Lawrenceville, NJ....(609) 896 2436*
 T-NET Special Corp, W.Bloomfield, MI.........(313) 855 6321* 
 T-NET The Nucleus, Clarkston, MI............!(313) 623 6309
 T-NET Twilight Phone, Warren, MI...........#1(313) 775 1649*

 TBBS Aurora, CO............................#1(303) 690 4566
 TBBS Aurora Computer Peripherals, Aurora, CO&(303) 897 9037*
 TBBS Austin, TX............................#1(512) 385 1102*
 TBBS Beer City, Milwaukee, WI...............&(414) 355 8839*
 TBBS Canopus, Milwaukee, WI..................(414) 281 0545*
 TBBS Freelancin' Alvin, Houston, TX.........&(713) 331 2599*
 TBBS Freelancin' Houston, TX................&(713) 488 2003*
 TBBS Hawkins, TX............................&(214) 769 3036*
 TBBS Idaho Falls BBS, Idaho Falls, ID......!&(203) 523 7400*
 TBBS J.L. Christian, Houston, TX.............(713) 721 0888*rl.
 TBBS Noah's Ark, Fremont, CA.................(415) 490 8083*so.
 TBBS Pizza-Net, Orlando, FL..................(305) 645 5543*
 TBBS Shreveport, LA..........................(318) 635 8660*
 TBBS San Diego, CA..........................!(619) 691 9695*
 TBBS The Computer Matrix, Springfield, MD..!&(417) 869 5294*
 TBBS Tulsa, OK...............................(918) 749 0059*
 
 TRADE-80 Albany, GA..........................(912) 439 7440*
 TRADE-80 Ft. Lauderdale, FL................#1(305) 525 1192
 TRADE-80 Omaha, NE...........................(402) 292 6184



             -------------------------------------
             MISCELLANEOUS OR UNKNOWN SYSTEM TYPES
             -------------------------------------

 Access-80, Tampa, FL.........................(813) 884 1506*
 ACOM, Houston, TX............................(713) 530 0164
 Adventurer's Tavern, Orange, CA.............!(714) 538 3103
 Aphrodite-E, Patterson, NJ...................(201) 831 1042 so.
 Applecrackers, Columbus, OH..................(614) 475 9791*
 Andover Cnode, Andover, MA..................!(617) 470 2548*
 ARBB Seattle, WA.............................(206) 546 6239
 Atari, Santa Ana, CA........................!(714) 731 6523
 Atari BBS, Virginia Beach, VA................(804) 491 1437*
 Aviators Bulletin Board, Sacramento, CA......(916) 393 4459
 BBS Apollo, Phoenix, AZ......................(602) 246 1432*
 BBS Apple Net ][, Susana Knolls, CA..........(808) 522 4211
 BBS Atari AMIS, Kansas City, MO..............(816) 587 9543*
 BBS Bit Bucket, Portland, OR.................(503) 761 6345*
 BBS B.R., Los Angeles, CA....................(213) 394 5950*
 BBS Coco, Miami, FL..........................(305) 681 8490
 BBS Coco, Santa Barbara, CA..................(805) 687 9400
 BBS Coco, Lynchburg, VA......................(804) 525 0312
 BBS Colornet, Providence, RI................$(401) 521 2626-
 BBS Commodore The Grapevine, Santa Ana, CA...(714) 838 7345*
 BBS Commodore, San Juan, PR..................(809) 781 0350-
 BBS Gandalf #2, Heightstown, NJ..............(609) 448 8244
 BBS Heathkit Store, Warwick, RI..............(401) 738 5152-
 BBS Homestead, FL............................(305) 246 1111
 BBS Jim's Tree, El Cajon, CA.................(619) 562 9759*
 BBS MCUA PSEUDONYM, Houston, TX.............&(713) 865 8111*
 BBS Victoria BC, CN..........................(604) 382 2024+
 BBS 16 Santa Rosa, CA........................(707) 527 5908-
 BBS SUE Milwaukee, WI........................(414) 645 6849-
 BBS The BULL, Toronto, Ontario, CN...........(416) 423 3265 so.
 BBS 80 DALTRUG, Dallas, TX...................(214) 289 1386*
 BBS Syslink, Providence, RI..................(401) 272 1138*
 BBS Woodworks, Winston-Salem, NC............&(919) 723 5275*dd.
 Big Top Games System, Milwaukee, WI..........(414) 259 9475
 Bird House, San Jose, CA.....................(408) 267 7399
 Blax 80 BBS, Phoenix, AZ.....................(602) 952 1382*
 BSBB Tampa, FL...............................(813) 885 6187
 Capital City BBS, Albany, NY.................(518) 346 3596*
 Cass-80 Hickory Hills, IL....................(312) 598 4861
 C-HUG Bulletin Board, Fairfax, VA............(703) 360 3812*
 C.M.M.S. Chicago, IL.........................(312) 957 3924*
 Cohoes Forum, Cohoes, NY.....................(518) 393 2467
 COLOUR-80, Highlands, TX.....................(713) 426 7070*
 COLOUR-80, Orange Park, FL...................(904) 264 0335*
 Commodore Communications CBM, St. Louis, MO..(314) 867 6950
 Commodore UG, Arcata, CA....................!(707) 826 0181-
 Commodore Video King, Skokie, IL.............(312) 674 6502
 Compuque-80, Houston, TX..................#1&(713) 444 7041 dl.
 Compuque-80 #2, Galveston, TX................(409) 265 5296
 Compuque-80 #3, Houston, TX.................&(713) 353 0361 dl.
 Computers for Christ, Ontario, CA............(714) 983 9923*
 Creepy Corridors, Phoenix, AZ................(602) 956 5021-
 CVBBS #1, San Diego, CA......................(619) 691 8367*
 CVBBS #2, San Diego, CA......................(619) 278 9114
 Cyruss Dimensions, Houston, TX...............(713) 376 6382
 DATAbase (DABBS), New York, NY...............(212) 772 7167
 Diamond III, Phoenix, AZ.....................(602) 890 0972*
 Dimension-80 Orange, CA......................(714) 974 9788
 Download-80 Mojo's, Forest Knolls, CA.......&(415) 488 9145*
 Dragon's Lair, Long Beach, CA................(213) 595 9346*dd.
 Drummer, San Francisco, CA...................(415) 552 7671 so.
 EMC-80 St. Louis, MO.........................(314) 645 1047
 Experimental-80 Kansas City, MO..............(913) 676 3613
 FBBS #1, Purdue, IN........................&$(317) 494 6643*
 Forem United Pirate Federation, La Costa,CA.!(619) 942 7092*
 GBBSII Apple PI, Bloomfield, CO..............(303) 469 7541*
 GBBSII Aurora-Net, Denver, CO................(303) 343 8401*
 GBBSII Eamon, Sullivan, CO..................$(303) 750 3783-
 GBBSII Off The Wall, Boulder, CO.............(303) 443 3367*
 GBBSII Sullivan, CO..........................(303) 693 1064-
 Genesys, Phoenix, AZ.........................(602) 967 4529*
 Golden Coco, Houston, TX.....................(713) 941 1542*
 Grape Line BBS, Napa Valley, CA..............(707) 538 9124*
 H&S Microsystems, Burnaby, B.C., CN..........(604) 430 4145-
 HBBS, Victoria BC, CN........................(604) 384 4711
 Hermes-80 Allentown, PA......................(215) 434 3998
 HEX Silver Spring, MD........................(301) 593 7033*
 INFOEX-80 Akron, OH..........................(216) 724 2125*
 INFOEX-80 Tulsa, OK..........................(918) 838 8698*
 INFOEX-80 West Palm Beach, FL................(305) 683 6044*
 JCTS Redmond, WA.............................(206) 883 0403*
 K-Net Users Group, Lexington, KY.............(606) 276 1957
 Knight-Line, Nashville, TN...................(615) 297 6037*
 L.A. Interchange, Los Angeles, CA............(213) 631 3186*
 LBBS Friends of Lisp, San Francisco, CA......(415) 333 5663*
 Lee County Jail, Ft. Myers, FL..............!(813) 489 0840
 Lethbridge Game Sys., Lethbridge, Alberta,CN.(403) 320 6923
 Living BBS, Education SIG, San Francisco, CA.(415) 565 3037
 Lusty Lady BBS, Hermosa Beach, CA...........!(213) 318 6626 so.
 Mages Inn, Omaha, NE.........................(402) 734 4748*
 Mags BBS, Lacey, WA..........................(206) 491 4143
 Magus, Herndon, VA...........................(703) 471 0611*
 Mail Board-82 Seattle, WA....................(206) 527 0897*
 Masspet BBS, East Taunton, MA................(617) 824 4878-
 MBBS, Mission, BC, CN........................(604) 462 8633-
 Micro-Com, Cincinnati, OH....................(513) 671 2753
 Micro-Com, Louisville, OH....................(216) 875 4582*
 Micro-Dial, Montreal, Quebec, CN.............(514) 487 2792
 Micro-Dimension, Houston, TX.................(713) 448 6283-
 Micro-80 West Palm Beach, FL.................(305) 686 3695-
 Micro Informer, Tampa, FL....................(813) 875 3331
 Microsystems, Phoenix, AZ....................(602) 938 4508*
 Midwest, St. Louis, MO.......................(314) 227 4312 so.
 Milford S-100 User's Sys., Milford, MA.....&!(617) 478 6062*
 Mini-Bin Seattle, WA.........................(206) 762 5141*
 MMMMMM#2, New York, NY.......................(212) 541 5975-so.
 MMMMMM#3, Marina del Rey, CA.................(213) 452 6111-so.
 MMMMMM#4, Lawndale, CA.......................(213) 821 2257-so.
 Motherboard, San Leandro, CA.................(415) 352 8442
 MOUSE-NET, Galveston, TX.....................(409) 744 5095*
 MRC BBS, Mountain View, CA...................(415) 968 1093
 NASA Activities TTY, Houston, TX.............(713) 483 4115
 NBBS Norfolk, VA.............................(804) 444 3392
 Nibble One, Schenectady, NY..................(518) 370 8343
 Novation CO., Los Angeles, CA.<pw=CAT>.......(818) 881 6880
 NWLAIBMPCUG, Shreveport, LA..................(318) 688 7078
 NWWCUG Edmunds, Seattle, WA..................(206) 743 6021
 OCTUG Orange County, Garden Grove, CA........(714) 530 8226
 Omega, Phoenix, AZ...........................(602) 952 2018-
 Oracle North Hollywood, CA...................(818) 980 5643 so.
 Orange County Dta Exchange, Garden Grove, CA.(714) 537 7913
 OS-9 6809 BBS, Palatine, IL..................(312) 397 8308
 PBBS Arc-Net, Little Rock, AR................(501) 372 0576*
 PBBS Co-operative Comp Svc, Palatine, IL.....(312) 359 9450*
 PHOTO-80, Haledon, NJ........................(201) 790 6795
 RAINBOARD CoCo Connection 2, Houston, TX.....(713) 772 7327-
 RAINBOARD Cracked CoCo, Houston, TX..........(713) 772 2090-
 RBBS Grand Illusion, Houston, TX.............(713) 568 2035*
 RBBS The Meeting Place, Omaha, NE...........&(402) 734 6959*dl.
 RBBS Upland, CA..............................(714) 981 3787*dl.
 RIBBS Houston, TX............................(713) 497 5433*
 RI Tandy Users Group, Cranston, RI...........(401) 944 4689*
 RS-CPM Clarksville, MI.......................(616) 693 2648
 Satyricon, Burnaby, BC, CN...................(604) 438 2468*
 Seacomm-80, Seattle, WA......................(206) 763 8879*
 SIGNON, Reno, NV.<pw=FREE>...................(702) 826 7234
 SIGNON, Reno, NV.<pw=FREE>............Also: $(702) 826 7277
 SISTER, Staten Island, NY....................(212) 442 3874*
 SoftNet-80, Vista, CA........................(619) 758 9057*
 Star City BBS, Roanoke, VA...................(703) 342 1800*
 Steve's BBS/Game Palace, Shawnee Mission, KS.(913) 648 5301*
 Sunrise Omega-80, Oakland, CA................(415) 452 0350
 Switchboard, Alexandria, VA..................(703) 765 2161*
 System/80 San Leandro, CA....................(415) 782 4402
 Talk-80 ROBB, Portsmouth, VA.................(804) 393 2925
 TCUG BBS, Washington, DC.....................(703) 836 0384*
 Tech-Link, Forest Glen, MD...................(301) 565 9051*
 Telcom I/II, Arlington, TX...................(817) 265 8220*
 Telcom 7, New Fairfield, CT..................(203) 746 5763*
 Tele-Master Message System, Utica, NY........(315) 733 3199*
 Telemessage-80, Atlanta, GA..................(404) 962 0616
 The Computer Exchange, Waterford, MI.........(313) 623 1089&
 The Enterprise, Arcadia, CA.................!(818) 355 0439-
 The Garden of Eden, Phoenix, AZ..............(602) 991 0144*
 The Interface, Los Angeles, CA...............(213) 477 4605
 The Software Bank, Northridge, CA............(213) 701 7670
 Toledo Apple Users BBS, Toledo, OH...........(419) 537 9777*
 TRS-80 Country Exchange, Reseda, CA.........!(818) 996 1977+
 TRS-80 100 UG, Reston, VA...................!(703) 476 9459- 
 TRS-80 UG, Orange, CA.......................!(714) 826 7383
 TVG Systems, Burnaby, BC, CN.................(604) 738 1640*
 VERGA 80, Santa Ana, CA......................(714) 547 6220
 Voyager, Phoenix, AZ.........................(602) 247 6034
 Voyeur, San Antonio, TX......................(512) 657 5286 so.
 Vic-20 Online, Houston, TX...................(713) 944 6597*
 Visiboard, Wellesley, MA.....................(617) 235 5082
 Westside Download, Detroit, MI...............(313) 348 4479
 XIO, Houston, TX.............................(713) 495 1422-
